cluster_id,mutation
111251,orf1ab:T1854I
111251,S:Q183L
111251,synSNP:T6979G
107511,N:A152S
111031,orf1ab:A5829V
111031,synSNP:T6979G
104338,synSNP:C28531T
104338,orf1ab:L1249R
104338,orf1ab:A6990T
104338,orf1ab:S3173G
104338,ORF3a:D155Y
104338,synSNP:C11962T
105621,synSNP:A20055G
105621,synSNP:C6445T
109432,synSNP:A20055G
109432,orf1ab:P1640L
111389,synSNP:C5284T
107398,synSNP:G17562T
108432,orf1ab:G6698S
94219,synSNP:T8941C
94219,S:N164K
108652,synSNP:A20055G
108652,orf1ab:Y4913C
108652,synSNP:C10369T
100608,synSNP:T6700C
100608,synSNP:C28432T
109087,synSNP:A28402G
109087,ORF7a:H47Y
109087,S:A1020S
109087,synSNP:C19524T
109087,synSNP:C9967T
109087,synSNP:T6979G
109089,orf1ab:I2873V
109086,synSNP:A28402G
109086,synSNP:C19524T
109086,ORF7a:H47Y
109086,S:A1020S
109086,synSNP:C9967T
109086,synSNP:T6979G
108651,synSNP:A20055G
108651,orf1ab:Y4913C
108651,synSNP:C10369T
109084,synSNP:A28402G
109084,synSNP:C19524T
109084,ORF7a:H47Y
109084,S:A1020S
109084,synSNP:C9967T
109084,synSNP:T6979G
110869,orf1ab:A5692V
110869,N:P13F
110869,synSNP:T6979G
109265,synSNP:T6979G
105059,synSNP:C9985T
105059,orf1ab:Y5648C
105059,synSNP:C9565T
109085,synSNP:A28402G
109085,synSNP:C19524T
109085,ORF7a:H47Y
109085,S:A1020S
109085,synSNP:C9967T
109085,synSNP:T6979G
107553,synSNP:A20055G
107553,synSNP:C15738T
107553,synSNP:C9223T
105060,orf1ab:Y5648C
105060,synSNP:C9985T
105060,synSNP:C9565T
98252,synSNP:C14599T
98252,S:R346T
98252,synSNP:C8140T
98252,S:N658S
104962,ORF6:V5I
107552,synSNP:A20055G
107552,synSNP:C9223T
107552,synSNP:C15738T
104726,synSNP:A20055G
104726,synSNP:G8548A
105291,synSNP:A20055G
105291,orf1ab:N5426S
95900,ORF6:D61L
95900,S:Q493R
95900,synSNP:C26858T
95900,synSNP:A27259C
111323,N:S33F
102747,orf1ab:P5828S
102747,orf1ab:D5966N
102747,synSNP:C17130T
107132,orf1ab:R2267G
107132,synSNP:T4174C
111355,N:S33F
98277,synSNP:A20055G
98277,S:W152L
100367,orf1ab:D4661E
100367,S:N658S
100367,synSNP:T12457C
104337,synSNP:C11962T
104337,orf1ab:A6990T
104337,orf1ab:S3173G
104337,ORF3a:D155Y
101628,ORF3a:K21N
101628,ORF3a:P240L
108844,synSNP:G15372C
108844,synSNP:C12784T
108844,orf1ab:A2637T
108844,orf1ab:G519S
108844,synSNP:C1627T
105166,synSNP:A20055G
105166,ORF6:D6G
105166,synSNP:C16323T
107130,orf1ab:R2267G
107001,synSNP:C27012T
107001,synSNP:C27513T
102748,orf1ab:D5966N
102748,synSNP:C17130T
102748,orf1ab:P5828S
105165,synSNP:A20055G
105165,synSNP:C16323T
105165,ORF6:D6G
102746,orf1ab:P5828S
102746,orf1ab:D5966N
102746,synSNP:C17130T
107000,synSNP:C27012T
107000,synSNP:C27513T
104326,orf1ab:A6990T
104326,ORF3a:D155Y
106999,synSNP:C27012T
106999,synSNP:C27513T
106999,orf1ab:T5451N
106973,synSNP:C27513T
106973,orf1ab:T5451N
106973,synSNP:G12310A
106973,synSNP:A28330G
106973,synSNP:C1627T
98253,synSNP:C14599T
98253,S:R346T
98253,synSNP:C8140T
98253,S:N658S
106972,synSNP:C27513T
106972,orf1ab:T5451N
106972,synSNP:G12310A
106972,synSNP:A28330G
106972,synSNP:C1627T
103090,synSNP:A20055G
103090,orf1ab:S302F
103090,synSNP:T27696C
109431,orf1ab:H5488Y
100593,synSNP:T6700C
104335,orf1ab:A6990T
104335,ORF3a:D155Y
107002,orf1ab:I4291V
104336,synSNP:C28531T
104336,orf1ab:A6990T
104336,ORF3a:D155Y
104969,synSNP:A20055G
104969,ORF6:V5I
104969,synSNP:A28864T
104969,synSNP:C15654T
105030,synSNP:A20055G
105030,orf1ab:Y5648C
103914,synSNP:A20055G
103914,orf1ab:G5942W
103914,orf1ab:K3839R
103914,synSNP:C28462T
104963,synSNP:A20055G
104963,ORF6:V5I
104963,synSNP:C15654T
98528,synSNP:C28720T
107220,synSNP:C23707T
98029,S:R346S
98029,S:N658S
98029,synSNP:A10114G
98029,ORF3a:I47V
98029,synSNP:G26690T
103584,synSNP:A20055G
103584,S:P1263Q
103584,synSNP:T28510C
103584,synSNP:C16428T
105110,synSNP:A20055G
108829,synSNP:C12784T
108829,orf1ab:A2637T
108829,orf1ab:G519S
108829,synSNP:G15372C
108829,synSNP:C1627T
109088,synSNP:A28402G
109088,ORF7a:H47Y
109088,S:A1020S
109088,synSNP:C19524T
109088,synSNP:C9967T
109088,synSNP:T6979G
111568,orf1ab:Q3596H
111568,synSNP:G9220A
111568,synSNP:T6979G
98028,S:R346S
98028,synSNP:A10114G
98028,S:N658S
98028,ORF3a:I47V
98028,synSNP:G26690T
103353,orf1ab:T2106I
103656,synSNP:A1078T
103777,synSNP:A20055G
103777,synSNP:C10507T
103777,orf1ab:D6304N
101791,synSNP:C13342T
111073,synSNP:C4084T
111073,synSNP:T6979G
105331,S:T250S
105331,synSNP:T3011C
101858,ORF7a:P84L
101858,orf1ab:S74L
101858,orf1ab:T1844I
104574,orf1ab:T1444A
102637,synSNP:C29614T
103913,orf1ab:K3839R
103913,synSNP:C28462T
108845,synSNP:G15372C
108845,orf1ab:A2637T
108845,synSNP:C12784T
108845,orf1ab:G519S
108845,synSNP:C1627T
102714,synSNP:A20055G
102714,ORF3a:L94I
105641,synSNP:C11494T
107131,synSNP:C11956T
107131,orf1ab:R2267G
103381,synSNP:A20055G
103381,synSNP:T3694G
108828,synSNP:C12784T
108828,orf1ab:A2637T
108828,orf1ab:G519S
108828,synSNP:G15372C
108828,synSNP:C1627T
98030,S:R346S
98030,S:N658S
98030,synSNP:A10114G
98030,ORF3a:I47V
98030,synSNP:G26690T
111356,synSNP:A20055G
111356,synSNP:C5497T
98254,synSNP:C14599T
98254,S:R346T
98254,synSNP:C8140T
98254,S:N658S
103572,synSNP:C16428T
107600,synSNP:A20055G
107600,orf1ab:K120N
107600,synSNP:G2305A
104922,synSNP:A20055G
104922,synSNP:C14724T
104922,synSNP:A12868G
100366,orf1ab:D4661E
100366,S:N658S
100366,synSNP:T12457C
104082,synSNP:A20055G
104082,synSNP:C19374T
103912,orf1ab:K3839R
103912,synSNP:C28462T
102609,synSNP:A20055G
102609,synSNP:C18606T
102912,synSNP:A20055G
102912,orf1ab:M4855V
102912,synSNP:C29077T
102912,synSNP:C5221T
102912,ORF6:D6G
105031,synSNP:A20055G
105031,synSNP:C9679T
105031,orf1ab:Y5648C
105031,synSNP:T10309C
107601,synSNP:A20055G
107601,synSNP:G2305A
107601,orf1ab:K120N
104921,synSNP:A20055G
104921,synSNP:C14724T
104921,synSNP:A12868G
106742,orf1ab:V4707G
106742,synSNP:C5467T
105642,synSNP:C11494T
108589,synSNP:A20055G
108589,synSNP:T27053C
108589,synSNP:T18429C
100403,ORF3a:L106F
100403,S:N658S
101855,ORF7a:P84L
101855,orf1ab:T1844I
101855,orf1ab:S74L
106974,synSNP:G10642T
106974,synSNP:T1216C
101025,synSNP:G376A
101025,orf1ab:V6188I
109329,synSNP:C20148T
111569,orf1ab:A5532V
111569,synSNP:C28651T
111569,orf1ab:Q3596H
111569,synSNP:G9220A
111569,synSNP:T6979G
110858,N:P13F
110858,synSNP:T6979G
104229,S:V289I
103745,synSNP:T20409C
103513,synSNP:A20055G
103513,orf1ab:I1525M
108588,synSNP:A20055G
108588,synSNP:T27053C
108588,synSNP:T18429C
103084,synSNP:A20055G
103084,synSNP:T27696C
103084,orf1ab:S302F
97988,S:N658S
97988,synSNP:G26690T
102913,synSNP:A20055G
102913,orf1ab:M4855V
102913,synSNP:C5221T
102913,ORF6:D6G
102913,synSNP:C29077T
111570,orf1ab:A5532V
111570,synSNP:C28651T
111570,orf1ab:Q3596H
111570,synSNP:G9220A
111570,synSNP:T6979G
103951,S:E1262K
103951,orf1ab:K3353R
103951,orf1ab:K3839R
103951,orf1ab:S5809L
103951,synSNP:C2434T
103951,synSNP:C28462T
103951,synSNP:C3505T
109556,synSNP:T10060C
100559,S:S371F
100559,orf1ab:L3829F
100559,synSNP:T2954C
105368,synSNP:A20055G
105368,orf1ab:C433G
100557,orf1ab:M5557I
100557,N:E136D
101877,orf1ab:S2193F
110310,synSNP:C18657T
101560,orf1ab:A1432V
101560,orf1ab:A6802T
101560,orf1ab:A964T
101560,orf1ab:D6977G
101560,orf1ab:V3718F
101560,synSNP:A28877T
101560,synSNP:G28878C
98644,ORF7a:P34L
103950,S:E1262K
103950,synSNP:C3505T
103950,orf1ab:K3353R
103950,orf1ab:K3839R
103950,orf1ab:S5809L
103950,synSNP:C2434T
103950,synSNP:C28462T
100564,S:S371F
100564,orf1ab:L3829F
100564,synSNP:T2954C
101730,synSNP:T28693C
100556,orf1ab:M5557I
100556,synSNP:A20055G
100556,N:E136D
100556,orf1ab:Q556K
110040,synSNP:A3859G
110040,synSNP:T6979G
109583,synSNP:C28957T
109583,synSNP:C18084T
109583,S:G181A
106821,orf1ab:T6938I
106821,synSNP:T4906C
106821,synSNP:T18957C
106821,orf1ab:A5713V
110980,synSNP:T6979G
110980,synSNP:C829T
100558,synSNP:A20055G
100558,orf1ab:M5557I
102424,S:T76I
98647,ORF7a:P34L
98647,synSNP:C5365T
103776,synSNP:A20055G
103776,orf1ab:D6304N
103776,synSNP:C10507T
106822,synSNP:T4906C
106822,orf1ab:A5713V
106822,synSNP:T18957C
106822,orf1ab:T6938I
103258,synSNP:A20055G
103258,orf1ab:S5674L
101455,orf1ab:L454F
101455,S:M153I
109307,synSNP:A20055G
105985,synSNP:A20055G
105985,orf1ab:S4843R
105985,orf1ab:G519S
105985,synSNP:C25521T
104511,orf1ab:R5479L
108941,synSNP:G19656A
108941,orf1ab:Q44L
108941,synSNP:T6979G
101559,synSNP:A28877T
101559,synSNP:G28878C
101559,orf1ab:A1432V
101559,orf1ab:A6802T
101559,orf1ab:A964T
101559,orf1ab:D6977G
101559,orf1ab:V3718F
105111,synSNP:A20055G
106975,synSNP:T1216C
106975,synSNP:G10642T
108797,orf1ab:P1786L
108797,orf1ab:S1102R
108797,synSNP:A10348G
108797,synSNP:C1627T
105586,synSNP:C21997T
105586,synSNP:C10741T
105586,synSNP:C12473T
104256,synSNP:C4331T
104256,S:V289I
101082,synSNP:C5884T
98001,S:N658S
98001,synSNP:A25315G
98001,synSNP:G25644T
98001,synSNP:G26690T
102378,orf1ab:G1073V
102378,synSNP:C1498T
102378,synSNP:C20844T
102377,orf1ab:G1073V
102377,synSNP:C1498T
102377,synSNP:C20844T
107224,synSNP:A20055G
107224,synSNP:C23707T
107224,synSNP:T27402C
102512,synSNP:C5512T
102512,S:T76I
102176,S:S255F
102176,synSNP:C2485T
102176,N:T49I
102176,orf1ab:M4993I
102176,synSNP:C21219T
102176,orf1ab:A6044V
103850,orf1ab:F5086Y
109584,synSNP:C28957T
109584,synSNP:C18084T
109584,S:G181A
103585,synSNP:A20055G
103585,S:P1263Q
103585,synSNP:C16428T
103585,synSNP:T28510C
109680,synSNP:T26813C
104427,synSNP:T3478C
104427,orf1ab:P5371L
104427,synSNP:C27630T
104427,ORF7a:I88T
99514,ORF3a:S74F
99514,synSNP:C26801T
99514,synSNP:C7162T
98777,synSNP:C7318T
98777,synSNP:C10369T
98777,synSNP:C12439T
98777,synSNP:C20436T
101196,synSNP:C12085T
101196,synSNP:C7420T
99286,orf1ab:A2139T
99286,synSNP:T24163C
104820,orf1ab:V5672L
109800,orf1ab:A2080V
109800,S:T259A
109800,synSNP:C28744T
110279,ORF3a:M260I
108393,synSNP:A20055G
108393,synSNP:C21646T
106820,orf1ab:T6938I
106820,synSNP:T18957C
106820,orf1ab:A5713V
106820,synSNP:T4906C
104426,synSNP:T3478C
104426,synSNP:C27630T
104426,orf1ab:P5371L
104426,ORF7a:I88T
102180,S:S255F
102180,synSNP:C2485T
102180,orf1ab:A6044V
102180,N:T49I
102180,orf1ab:M4993I
102180,synSNP:C21219T
99513,synSNP:C26801T
99513,ORF3a:S74F
99513,synSNP:C7162T
104410,synSNP:C27630T
104410,orf1ab:P5371L
101067,synSNP:T23323C
101067,orf1ab:A1204T
101067,synSNP:C22792T
101067,synSNP:C12068T
101067,ORF3a:G49C
101067,ORF3a:V48F
101066,synSNP:T23323C
101066,orf1ab:A1204T
101066,synSNP:C22792T
101066,synSNP:C12068T
101066,ORF3a:G49C
101066,ORF3a:V48F
110564,orf1ab:V3858L
110564,orf1ab:R3542C
110564,synSNP:C19170T
109799,orf1ab:A2080V
109799,synSNP:C28744T
109799,S:T259A
104158,synSNP:C835T
110042,ORF10:A28V
108947,orf1ab:Q44L
108947,synSNP:G19656A
108947,synSNP:T6979G
101068,synSNP:T23323C
101068,orf1ab:A1204T
101068,synSNP:C22792T
101068,synSNP:C12068T
101068,ORF3a:G49C
101068,ORF3a:V48F
100314,synSNP:T1453C
100314,S:N658S
102482,orf1ab:A76V
101069,orf1ab:A1204T
101069,synSNP:C22792T
101069,synSNP:C12068T
101069,ORF3a:V48F
101069,synSNP:T23323C
101069,ORF3a:G49C
111136,ORF6:P57L
111136,synSNP:C26625T
111136,synSNP:T6979G
102425,synSNP:A20055G
102425,synSNP:C4540T
102644,synSNP:A20055G
102644,synSNP:C27294T
98162,orf1ab:P1213L
98162,synSNP:T1453C
98162,orf1ab:M3752I
98162,S:N658S
102175,orf1ab:T6777I
102175,orf1ab:V5672L
102175,synSNP:G29032A
103788,synSNP:C10507T
103788,orf1ab:D6304N
103788,synSNP:C29284T
102092,synSNP:C11074T
102092,orf1ab:R119H
103873,synSNP:A20055G
103873,ORF7a:L7V
99285,orf1ab:A2139T
99285,synSNP:T24163C
101555,synSNP:A28877T
101555,synSNP:G28878C
101555,orf1ab:A1432V
101555,orf1ab:A6802T
101555,orf1ab:A964T
101555,orf1ab:D6977G
101555,orf1ab:V3718F
98466,orf1ab:T2247I
98466,S:I670V
98466,ORF3a:I37T
103265,orf1ab:L5211I
98000,S:N658S
98000,synSNP:A25315G
98000,synSNP:G25644T
98000,synSNP:G26690T
99789,synSNP:C15120T
99789,synSNP:G24757T
109585,synSNP:C18084T
109585,S:G181A
109585,synSNP:C28957T
98465,S:I670V
98465,ORF3a:I37T
109993,S:R346T
109993,synSNP:C26151T
98161,orf1ab:P1213L
98161,orf1ab:M3752I
98161,S:N658S
98161,synSNP:T1453C
104026,orf1ab:T2124I
104026,synSNP:C8692T
104026,synSNP:T29317C
111130,synSNP:C26625T
111130,ORF6:P57L
111130,synSNP:T6979G
98778,synSNP:C7318T
98778,synSNP:C10369T
98778,synSNP:C12439T
98778,synSNP:C20436T
104533,orf1ab:T2859I
104533,orf1ab:R5479L
104533,synSNP:C18303A
104533,orf1ab:S1510C
104533,orf1ab:V1117I
109003,orf1ab:G137S
109003,synSNP:G19656A
109003,orf1ab:Q44L
109003,orf1ab:V6772L
109003,orf1ab:V988F
109003,synSNP:T6979G
98464,S:V3G
99399,synSNP:A8308G
99399,synSNP:C13255T
104425,ORF7a:I88T
104425,synSNP:C27630T
104425,orf1ab:P5371L
101095,orf1ab:E386A
104534,orf1ab:R5479L
104534,synSNP:C18303A
104534,orf1ab:S1510C
104534,orf1ab:T2859I
104534,orf1ab:V1117I
111131,ORF6:P57L
111131,synSNP:C26625T
111131,synSNP:T6979G
99398,synSNP:A8308G
99398,synSNP:C13255T
104791,synSNP:A20055G
104791,synSNP:C14184T
104791,orf1ab:Y4913C
104791,ORF3a:T270I
96252,synSNP:C3241T
96252,synSNP:T5386G
96252,S:S371F
96252,orf1ab:A2710T
96252,orf1ab:K856R
96252,synSNP:C14599T
96252,orf1ab:V1887I
101503,synSNP:C23114T
104027,orf1ab:T2124I
104027,synSNP:C8692T
104027,synSNP:T29317C
105995,synSNP:A20055G
105995,orf1ab:S4843R
105995,synSNP:C25521T
105995,orf1ab:G519S
110520,orf1ab:V3858L
98587,synSNP:G29179A
98776,synSNP:C7318T
98776,synSNP:C10369T
98776,synSNP:C20436T
98776,synSNP:C12439T
109002,orf1ab:G137S
109002,orf1ab:V988F
109002,synSNP:G19656A
109002,orf1ab:Q44L
109002,orf1ab:V6772L
109002,synSNP:T6979G
104532,orf1ab:T2859I
104532,orf1ab:R5479L
104532,orf1ab:S1510C
104532,orf1ab:V1117I
104532,synSNP:C18303A
94924,synSNP:A1015G
103949,synSNP:C3505T
103949,orf1ab:K3353R
103949,orf1ab:S5809L
103949,S:E1262K
103949,synSNP:C2434T
103949,orf1ab:K3839R
103949,synSNP:C28462T
103280,synSNP:C23533T
96780,synSNP:A23767G
112948,ORF6:D61L
112948,S:Q493R
112948,synSNP:A27259C
112948,orf1ab:L3201F
112948,synSNP:G1186T
112948,synSNP:C26858T
98467,S:I670V
98467,orf1ab:T2247I
98467,ORF3a:I37T
109401,orf1ab:L1507F
109004,orf1ab:G137S
109004,synSNP:G19656A
109004,orf1ab:Q44L
109004,orf1ab:V6772L
109004,orf1ab:V988F
109004,synSNP:T6979G
102181,S:S255F
102181,synSNP:C2485T
102181,N:T49I
102181,orf1ab:A6044V
102181,orf1ab:M4993I
102181,orf1ab:V1915I
102181,synSNP:C21219T
98154,orf1ab:P1213L
98154,orf1ab:M3752I
98154,S:N658S
98154,synSNP:T1453C
102215,S:P1162L
102215,orf1ab:M2096L
102215,orf1ab:T6777I
102215,orf1ab:V5672L
102215,synSNP:G29032A
113434,synSNP:T21048C
113434,ORF6:D61L
113434,orf1ab:L3201F
113434,ORF3a:A31T
113434,ORF3a:T9K
113434,S:Q493R
113434,synSNP:A27259C
113434,synSNP:C26858T
99790,ORF3a:T64I
99790,synSNP:C15120T
99790,synSNP:G24757T
100565,synSNP:C15744T
102216,S:P1162L
102216,orf1ab:M2096L
102216,orf1ab:T6777I
102216,synSNP:G29032A
102216,orf1ab:V5672L
105585,synSNP:C21997T
105585,synSNP:C12473T
105585,synSNP:C10741T
96253,synSNP:C3241T
96253,synSNP:T5386G
96253,S:S371F
96253,orf1ab:A2710T
96253,orf1ab:K856R
96253,orf1ab:V1887I
96253,synSNP:C14599T
98462,synSNP:A20055G
98461,synSNP:A20055G
100077,orf1ab:A967V
100077,S:N658S
110795,synSNP:C26625T
102217,orf1ab:M2096L
102217,orf1ab:T6777I
102217,orf1ab:V5672L
102217,S:P1162L
113432,ORF3a:T9K
113432,ORF3a:A31T
113432,synSNP:T21048C
113432,ORF6:D61L
113432,orf1ab:L3201F
113432,S:Q493R
113432,synSNP:A27259C
113432,synSNP:C26858T
110229,orf1ab:K6980N
110229,synSNP:T18228C
104707,synSNP:A20055G
110519,synSNP:C22879T
110519,synSNP:T6979G
110519,orf1ab:V7086F
110519,synSNP:T4690C
99512,synSNP:C26801T
99512,synSNP:C7162T
99512,ORF3a:S74F
96242,synSNP:C3241T
96242,synSNP:C14599T
96242,orf1ab:V1887I
96242,synSNP:T5386G
96242,S:S371F
96242,orf1ab:A2710T
96242,orf1ab:K856R
104028,orf1ab:T2124I
104028,synSNP:C8692T
104028,orf1ab:K6236N
104028,synSNP:T29317C
95745,S:Y248N
95745,S:R346T
98868,synSNP:C958T
99556,synSNP:C913T
99556,synSNP:A895G
98086,ORF3a:L106F
98086,S:N658S
96243,synSNP:C3241T
96243,synSNP:C14599T
96243,orf1ab:V1887I
96243,synSNP:T5386G
96243,S:S371F
96243,orf1ab:A2710T
96243,orf1ab:K856R
99031,orf1ab:A1043V
98102,orf1ab:P2046S
98102,ORF3a:L106F
98102,S:N658S
97866,orf1ab:T4175I
97866,orf1ab:L3201F
97866,ORF6:D61L
97866,S:Q493R
97866,synSNP:A27259C
97866,synSNP:C26858T
110513,orf1ab:V7086F
110513,synSNP:T4690C
110513,synSNP:C22879T
110513,synSNP:T6979G
98831,synSNP:C22747T
113433,ORF3a:T9K
113433,synSNP:T21048C
113433,ORF6:D61L
113433,orf1ab:L3201F
113433,ORF3a:A31T
113433,S:Q493R
113433,synSNP:A27259C
113433,synSNP:C26858T
94218,S:N164K
111326,synSNP:A20055G
111326,S:V6F
109010,orf1ab:G137S
109010,orf1ab:V6772L
109010,orf1ab:V988F
99555,synSNP:C913T
99555,synSNP:A895G
98103,orf1ab:P2046S
98103,ORF3a:L106F
98103,S:N658S
98103,synSNP:C2143T
95821,orf1ab:S5360P
95821,orf1ab:L3201F
95821,ORF6:D61L
95821,S:Q493R
95821,synSNP:A27259C
95821,synSNP:C26858T
97202,S:S371F
97202,S:I68T
104859,synSNP:A6604G
99565,orf1ab:A1482T
99565,orf1ab:M2365I
99565,synSNP:C24616T
98087,orf1ab:P2046S
98087,ORF3a:L106F
98087,S:N658S
110230,synSNP:T18228C
110230,orf1ab:K6980N
106584,synSNP:A20055G
106584,orf1ab:H1500Y
106584,orf1ab:V5672L
106584,synSNP:A28877T
106584,synSNP:G28878C
109996,S:R346T
109996,synSNP:C26151T
110616,synSNP:A20055G
110616,ORF3a:V244I
101792,S:P1162L
101792,synSNP:A10399G
101792,synSNP:C13342T
99560,orf1ab:A1482T
99560,orf1ab:M2365I
110796,orf1ab:D992G
110796,synSNP:C26625T
95316,orf1ab:A1508D
111858,synSNP:C6538T
111858,synSNP:A27259C
111858,orf1ab:L3201F
111858,ORF6:D61L
111858,S:L212S
111858,S:Q493R
111858,synSNP:C13620T
111858,synSNP:C26858T
111858,synSNP:C2749T
104821,orf1ab:V5672L
104821,synSNP:C15960T
111860,synSNP:C11812T
111860,synSNP:C6538T
111860,synSNP:A27259C
111860,orf1ab:L3201F
111860,ORF6:D61L
111860,S:L212S
111860,S:Q493R
111860,synSNP:C13620T
111860,synSNP:C26858T
111860,synSNP:C2749T
105490,synSNP:A20055G
105490,orf1ab:I6926V
105490,orf1ab:V5545F
105490,synSNP:C23683T
99617,synSNP:C29272T
99621,synSNP:C29272T
99557,orf1ab:A1482T
99557,orf1ab:M2365I
106573,synSNP:A28877T
106573,synSNP:G28878C
103485,synSNP:A20055G
103485,synSNP:C10798T
103485,orf1ab:T4161I
113641,synSNP:C2245T
101795,ORF3a:Q213K
101795,synSNP:C29311T
101795,S:P1162L
101795,synSNP:A10399G
101795,synSNP:C13342T
94347,orf1ab:A2909V
99321,synSNP:C751T
99321,synSNP:C2416T
103484,synSNP:A20055G
103484,synSNP:C10798T
103484,orf1ab:T4161I
99763,synSNP:A28795G
111857,synSNP:C6538T
111857,S:L212S
111857,synSNP:A27259C
111857,synSNP:C2749T
111857,orf1ab:L3201F
111857,ORF6:D61L
111857,S:Q493R
111857,synSNP:C13620T
111857,synSNP:C26858T
99423,synSNP:A8308G
99423,synSNP:C13255T
99423,synSNP:C2455T
99423,synSNP:C5869T
113060,ORF6:D61L
113060,synSNP:A27259C
113060,synSNP:C2338T
113060,S:Q493R
113060,orf1ab:L3201F
113060,synSNP:C26858T
114114,ORF6:D61L
114114,synSNP:A27259C
114114,orf1ab:L3201F
114114,S:I68T
114114,S:Q493R
114114,synSNP:C26858T
114114,synSNP:C7471T
109005,orf1ab:G137S
109005,orf1ab:V6772L
109005,orf1ab:V988F
105491,synSNP:A20055G
105491,orf1ab:I6926V
105491,orf1ab:V5545F
105491,synSNP:C23683T
106572,synSNP:A28877T
106572,synSNP:G28878C
94410,ORF8:Q18*
94410,synSNP:C16092T
94410,orf1ab:F3753V
94410,synSNP:C11575T
94410,synSNP:C25521T
94407,ORF8:Q18*
94407,synSNP:C16092T
94407,orf1ab:F3753V
94407,synSNP:C11575T
94407,synSNP:C25521T
94121,S:Q493R
94121,ORF6:D61L
94121,synSNP:C25416T
94121,orf1ab:L3201F
94121,synSNP:A27259C
94121,synSNP:C26858T
94139,orf1ab:K1948E
95127,orf1ab:R1421K
94215,S:L452Q
94215,synSNP:C21721T
94215,S:S704L
94215,synSNP:C11674T
94215,synSNP:T15009C
94216,S:L452Q
94216,synSNP:C21721T
94216,S:S704L
94216,synSNP:C11674T
94216,synSNP:T15009C
94137,synSNP:C21721T
94137,synSNP:T15009C
94137,S:L452Q
94137,S:S704L
94137,synSNP:C11674T
97488,S:S371F
97488,synSNP:A28877T
97488,synSNP:G28878C
113059,synSNP:C2338T
113059,ORF6:D61L
113059,synSNP:A27259C
113059,orf1ab:L3201F
113059,S:Q493R
113059,synSNP:C26858T
94217,S:L452Q
94217,synSNP:C21721T
94217,S:S704L
94217,synSNP:C11674T
94217,synSNP:T15009C
94129,synSNP:C21721T
94129,synSNP:T15009C
94129,S:L452Q
94129,S:S704L
94129,synSNP:C11674T
113126,synSNP:C25614T
111859,synSNP:C11812T
111859,synSNP:C6538T
111859,synSNP:A27259C
111859,orf1ab:L3201F
111859,ORF6:D61L
111859,S:L212S
111859,S:Q493R
111859,synSNP:C13620T
111859,synSNP:C26858T
111859,synSNP:C2749T
96098,synSNP:A1585C
99422,synSNP:C5869T
99422,synSNP:A8308G
99422,synSNP:C13255T
99422,synSNP:C2455T
113509,ORF7a:S83L
96877,orf1ab:Q3966H
96877,S:F186S
96877,synSNP:C17676T
113507,ORF6:D61L
113507,S:K417T
113507,synSNP:C23248T
113507,synSNP:A27259C
113507,S:Q493R
113507,orf1ab:L3201F
113507,synSNP:C26858T
111191,ORF6:P57L
111191,synSNP:C26625T
111191,synSNP:T6979G
97489,S:S371F
97489,synSNP:A28877T
97489,synSNP:G28878C
113508,ORF6:D61L
113508,S:K417T
113508,synSNP:C23248T
113508,synSNP:A27259C
113508,S:Q493R
113508,orf1ab:L3201F
113508,synSNP:C26858T
114074,synSNP:C22792T
114074,S:I68T
114074,orf1ab:L3201F
114074,ORF3a:T175K
114074,ORF6:D61L
114074,S:Q493R
114074,synSNP:A27259C
114074,synSNP:C26858T
96097,ORF3a:H78Y
96096,synSNP:C22792T
96096,orf1ab:L3201F
96096,ORF6:D61L
96096,synSNP:A27259C
96096,S:Q493R
96096,synSNP:C26858T
112685,orf1ab:L3201F
112685,ORF6:D61L
112685,S:Q493R
112685,S:T1231S
112685,synSNP:A27259C
112685,synSNP:C26858T
112685,synSNP:C4202T
112684,S:T1231S
112684,ORF6:D61L
112684,orf1ab:L3201F
112684,synSNP:C4202T
112684,S:Q493R
112684,synSNP:A27259C
112684,synSNP:C26858T
94852,synSNP:A28877T
94852,synSNP:G28878C
94411,ORF8:Q18*
94411,synSNP:C16092T
94411,orf1ab:F3753V
94411,synSNP:C11575T
94411,synSNP:C25521T
114073,ORF6:D61L
114073,S:I68T
114073,synSNP:A27259C
114073,orf1ab:L3201F
114073,S:Q493R
114073,synSNP:C26858T
112107,orf1ab:A2909V
112107,ORF6:D61L
112107,ORF3a:L140F
112107,S:Q493R
112107,synSNP:A27259C
112107,orf1ab:L3201F
112107,synSNP:C26858T
111856,S:L212S
111856,synSNP:C2749T
111856,synSNP:C13620T
111856,synSNP:A27259C
111856,ORF6:D61L
111856,orf1ab:L3201F
111856,S:Q493R
111856,synSNP:C26858T
112106,orf1ab:A2909V
112106,ORF6:D61L
112106,ORF3a:L140F
112106,S:Q493R
112106,synSNP:A27259C
112106,orf1ab:L3201F
112106,synSNP:C26858T
96876,orf1ab:Q3966H
96876,synSNP:C17676T
111757,synSNP:A27259C
111757,orf1ab:T1543I
111757,ORF6:D61L
111757,S:Q493R
111757,orf1ab:L3201F
111757,synSNP:C26858T
96241,synSNP:C3241T
96241,synSNP:C14599T
96241,orf1ab:V1887I
96241,S:S371F
96241,synSNP:T5386G
96241,orf1ab:A2710T
96241,orf1ab:K856R
95981,synSNP:C22792T
95981,orf1ab:L3201F
95981,ORF3a:H78Y
95981,S:Q493R
95981,synSNP:A27259C
95981,synSNP:C26858T
95981,synSNP:C28435T
96240,synSNP:C3241T
96240,synSNP:C14599T
96240,orf1ab:V1887I
96240,S:S371F
96240,synSNP:T5386G
96240,orf1ab:A2710T
96240,orf1ab:K856R
112509,ORF6:D61L
112509,synSNP:A24325G
112509,synSNP:A27259C
112509,synSNP:C16443T
112509,synSNP:C26858T
112509,orf1ab:L3201F
112509,S:Q493R
96875,orf1ab:Q3966H
96875,synSNP:C17676T
96238,synSNP:T5386G
96238,orf1ab:A2710T
96238,S:S371F
96238,orf1ab:K856R
96239,synSNP:C14599T
96239,orf1ab:V1887I
96239,S:S371F
96239,synSNP:T5386G
96239,orf1ab:A2710T
96239,orf1ab:K856R
95980,synSNP:C22792T
95980,synSNP:C28435T
95980,ORF3a:H78Y
95980,orf1ab:L3201F
95980,S:Q493R
95980,synSNP:A27259C
95980,synSNP:C26858T
95984,ORF6:D61P
95984,synSNP:C22792T
95984,orf1ab:L3201F
95984,ORF3a:H78Y
95984,S:Q493R
95984,synSNP:A27259C
95984,synSNP:C1426T
95984,synSNP:C2197T
95984,synSNP:C26858T
95984,synSNP:C28435T
95393,S:K417T
95393,synSNP:C6091T
95985,ORF6:D61P
95985,synSNP:C22792T
95985,orf1ab:L3201F
95985,ORF3a:H78Y
95985,S:Q493R
95985,synSNP:A27259C
95985,synSNP:C1426T
95985,synSNP:C2197T
95985,synSNP:C26858T
95985,synSNP:C28435T
113061,ORF8:I39T
112508,synSNP:A24325G
112508,ORF6:D61L
112508,synSNP:A27259C
112508,synSNP:C16443T
112508,synSNP:C26858T
112508,orf1ab:L3201F
112508,S:Q493R
95982,synSNP:C22792T
95982,orf1ab:L3201F
95982,ORF3a:H78Y
95982,S:Q493R
95982,synSNP:A27259C
95982,synSNP:C26858T
95982,synSNP:C28435T
95396,S:K417T
95396,synSNP:C6091T
95983,ORF6:D61P
95983,synSNP:C22792T
95983,synSNP:C2197T
95983,orf1ab:L3201F
95983,ORF3a:H78Y
95983,S:Q493R
95983,synSNP:A27259C
95983,synSNP:C1426T
95983,synSNP:C26858T
95983,synSNP:C28435T
97959,ORF6:D61L
97959,N:P151S
97959,synSNP:C26858T
97959,synSNP:A27259C
97960,ORF6:D61L
97960,N:P151S
97960,synSNP:C26858T
97960,synSNP:A27259C
97961,ORF6:D61L
97961,N:P151S
97961,synSNP:C26858T
97961,synSNP:A27259C
108937,synSNP:A27038G
108937,synSNP:C1627T
108937,synSNP:A28330G
108938,synSNP:A27038G
108938,synSNP:C1627T
108938,synSNP:A28330G
108939,synSNP:A27038G
108939,synSNP:C1627T
108939,synSNP:A28330G
